{
    "avg_precision": 0.5843120934632453,
    "roc_auc": 0.9676542491895792
}